1,Counter-Strike,2000,0,0,0,88,0,68991,0,9.99,9.99,13033334
2,"Team Fortress Classic",1999,0,0,0,0,0,2439,0,4.99,4.99,5399140
3,"Half-Life 2",2004,0,1,1,96,0,35792,33,9.99,9.99,9901173
4,"King's Bounty: Armored Princess",2009,0,1,0,82,0,308,0,9.99,2.49,369998
5,"FINAL FANTASY VII",2013,13,0,0,0,0,8431,36,11.99,11.99,1070538
6,Uncrewed,2016,0,0,0,0,0,0,21,11.99,11.99,533
7,"The Mahjong Huntress",2016,0,0,0,0,0,0,16,4.99,4.99,18832
8,"Quantum Break",2016,0,0,0,62,1,0,0,0,0,88957
9,"Cat President ~A More Purrfect Union~",2016,0,0,0,0,0,0,0,8.99,8.99,0
10,bloxyz,2016,0,0,0,0,1,0,0,3.99,3.99,897
11,"Electric Zombies",2016,0,0,0,0,0,0,25,0,0,3408
12,Cavernus,2016,0,0,0,0,1,0,0,1.99,1.99,6815
13,"Project Remedium",2016,0,0,0,0,0,0,0,0,0,0
14,Kalonline,2016,0,0,0,0,0,244,49,0,0,119985
15,"Titan Quest Anniversary Edition",2016,0,0,0,0,0,1826,75,19.99,19.99,1743816
16,"FINAL FANTASY VIII",2013,13,0,0,0,0,3954,45,11.99,11.99,592033
17,Kabitis,2016,0,0,1,0,1,0,0,2.99,2.99,5739
18,ORCS,2016,0,0,0,0,1,0,0,0.99,0.99,7353
19,"Kimulator : Fight for your destiny",2016,0,0,0,0,0,163,0,1.99,1.99,6457
20,"Global Soccer Manager",2016,0,0,0,0,0,0,50,7.99,7.99,0
21,"Major\Minor - EA",2016,0,0,0,0,0,0,116,9.99,9.99,10582
22,Holodaze,2016,0,0,0,0,0,0,10,2.99,2.99,0
23,Beholder,2016,0,0,0,0,0,0,0,0,0,75865
24,"MOAI 4: Terra Incognita Collector’s Edition",2016,0,0,0,0,0,0,73,7.99,7.99,0
25,"Crush Online",2016,0,0,0,0,0,0,0,0,0,108148
26,Bombslinger,2016,0,0,0,0,1,0,0,11.99,11.99,0
27,"Dungeon Siege III",2011,0,1,1,72,0,1262,54,14.99,14.99,730312
28,"MTB Downhill Simulator",2016,0,0,0,0,0,112,1,7.99,7.99,3587
29,"Reflection of Mine",2016,0,0,0,0,1,0,0,0,0,5919
30,"Johnny Graves—The Unchosen One",2016,0,0,0,0,0,0,0,14.99,14.99,7712
31,KNIGHTS,2016,0,0,0,0,0,116,20,0.99,0.99,11120
32,"MAGATAMA Earrings",2016,0,0,0,0,0,0,10,6.99,6.99,717
33,"One Small Fire At A Time",2016,0,0,0,0,0,0,21,9.99,9.99,538
34,"So Much Blood",2016,0,0,0,0,0,0,9,2.99,2.99,3766
35,"Picross Touch",2016,0,0,0,0,0,109,0,0,0,38201
36,"Choice of the Pirate",2016,0,1,0,0,0,0,18,3.99,3.99,5739
37,"Cally's Trials",2016,0,0,1,0,1,0,32,6.99,6.99,19728
38,"Dungeon Siege",2011,0,0,0,86,0,796,0,6.99,6.99,390085
39,"Children of a Dead Earth",2016,0,0,0,0,0,0,0,0,0,4663
40,"Island 359",2016,0,0,0,0,0,0,0,19.99,19.99,8609
41,MechaGore,2016,0,0,0,0,1,0,4,4.99,4.99,1255
42,"Rescue Lucy",2016,0,0,2,0,0,0,0,2.99,2.99,8609
43,"Amulet of Dreams",2016,0,0,0,0,0,0,7,6.99,6.99,3228
44,"FourChords Guitar Karaoke",2016,0,0,3,0,1,0,29,14.99,14.99,1973
45,"10 Minute Tower",2016,0,0,0,0,1,0,0,14.99,14.99,0
46,Surge,2016,0,0,0,0,0,120,0,0,0,71381
47,"Dungeon Siege 2",2005,0,0,0,80,0,536,0,6.99,6.99,410352
48,"Human: Fall Flat",2016,0,0,0,70,1,526,47,14.99,14.99,45734
49,"Chamber 19",2016,0,1,0,0,0,0,0,14.99,14.99,538
50,"Shard Games",2016,0,0,0,0,0,0,0,8.99,8.99,0
51,"Descent: Road to Legend",2016,0,0,0,0,0,0,0,0,0,45196
52,"Lightblade VR",2016,0,0,0,0,0,249,0,3.99,3.99,26185
53,"Magma Tsunami",2016,0,0,0,0,0,194,0,0.99,0.99,87881
54,"Space Hole",2016,0,0,0,0,1,0,1,0.99,0.99,3228
55,Toricky,2016,0,0,0,0,0,0,0,0,0,0
56,"Eador. Imperium",2016,0,0,0,0,0,0,0,19.99,19.99,4304
57,"Thirty Years' War",2016,0,0,0,0,0,0,0,29.99,29.99,4842
58,"FINAL FANTASY XIV: A Realm Reborn",2014,0,1,1,83,0,5022,0,19.99,19.99,499309
59,"Ride 2",2016,0,0,0,0,0,0,0,0,0,13631
60,Piñata,2016,0,0,0,0,0,0,0,0,0,22777
61,"Lord of Dwarves",2017,0,0,0,0,0,0,0,0,0,0
62,"Wanderer of Teandria",2016,0,0,0,0,1,0,12,4.99,4.99,1793
63,"Simple Spy",2016,0,0,0,0,0,0,25,1.99,1.99,0
64,Overhell,2016,0,0,0,0,0,0,0,1.99,1.99,23853
65,"ABC Coloring Town",2016,0,0,0,0,0,0,0,2.99,2.99,22598
66,"Old School 8-in-1 bundle",2016,0,0,0,0,0,0,0,7.99,7.99,0
67,BUDDY,2016,0,0,0,0,1,0,11,9.99,9.99,1793
68,"V ARRR",2016,0,0,0,0,0,0,0,9.99,9.99,2152
69,"Pets Fun House",2009,0,0,0,0,0,0,0,19.99,19.99,808
70,"Clickteam Fusion 2.5 Free Edition",2016,0,0,0,0,0,0,0,0,0,41788
71,"Mansions of Madness",2016,0,0,0,0,0,0,0,0,0,40174
72,IrreVRsible,2016,0,0,0,0,0,0,0,5.99,5.99,1255
73,Kodon,2016,0,0,0,0,0,0,0,19.99,19.99,2152
74,"Pirates of the Polygon Sea",2016,0,0,0,0,0,0,0,12.99,12.99,803
75,Metamorphic,2016,0,0,0,0,0,0,1,12.99,12.99,897
76,"Music Wars Empire",2016,0,0,0,0,0,0,0,14.99,14.99,6636
77,"Hunter's Legacy",2016,0,1,1,58,1,0,15,6.99,6.99,0
78,ESEA,2016,0,0,1,0,0,431,0,0,0,185089
79,"Framed Wings",2016,0,0,0,0,0,0,20,3.99,3.99,0
80,"Gothic 3",2009,0,0,0,63,0,1707,0,9.99,9.99,428287
81,"BoX -containment-",2016,0,0,0,0,0,0,0,4.99,4.99,2152
82,"Drunk Wizards",2016,0,0,0,0,0,0,0,7.99,7.99,22419
83,"Space Universe",2016,0,0,0,0,0,0,0,14.99,14.99,0
84,Cuties,2016,0,0,0,0,0,0,0,3.99,3.99,25826
85,Doodler,2016,0,0,0,0,1,0,12,4.99,4.99,0
86,"Crazy Stone Deep Learning -The First Edition-",2016,0,0,0,0,0,0,0,79.99,79.99,535
87,"Mitch: Berry Challenge",2016,0,0,0,0,1,0,25,3.99,3.99,0
88,"Floppy Heroes",2016,0,0,0,0,0,0,10,2.99,2.09,7174
89,"Slash or Die",2016,0,0,0,0,0,147,10,2.99,2.99,4484
90,"Dogfight Elite",2016,0,0,0,0,0,0,0,19.99,19.99,0
91,Inbound,2016,0,0,0,0,0,0,0,12.99,12.99,1793
92,Satanist,2016,0,0,0,0,0,0,0,2.99,2.99,0
93,"Slap Village - Reality Slap",2016,0,0,0,0,0,0,24,14.99,14.99,897
94,"The Bunker",2016,0,0,0,0,1,0,0,0,0,4125
95,"System Crash",2016,0,1,1,0,0,0,23,14.99,14.99,1255
96,"Final Approach: Pilot Edition",2016,0,0,0,0,1,0,0,24.99,24.99,20805
97,"Mini Thief",2016,0,1,0,0,1,0,15,3.99,3.99,5919
98,"Sicario: Stepping Into Darkness: The Visual Design of Sicario",2016,0,0,0,0,1,0,0,0,0,0
99,"Sicario: Blunt Brolin & Benicio: Portraying the Characters of Sicario",2016,0,0,0,0,1,0,0,0,0,0
100,"Sicario: Battle Zone: The Origins of Sicario",2016,0,0,0,0,1,0,0,0,0,0
101,"The Guild Gold Edition",2014,0,0,0,82,0,105,0,9.99,9.99,115501
102,"Sicario: A Pulse from the Desert: The Score of Sicario",2016,0,0,0,0,1,0,0,0,0,0
103,"Emily: Displaced",2016,0,0,0,0,0,0,0,14.99,14.99,0
104,"The Last Witch Hunter Crafting the Magic: The Last Witch Hunter",2016,0,0,0,0,1,0,0,0,0,0
105,"The Last Witch Hunter Animated short films: The Origins of the Axe and Cross",2016,0,0,0,0,1,0,0,0,0,0
106,"The Last Witch Hunter Sizzle Reel / Paint It Black",2016,0,0,0,0,1,0,0,0,0,0
107,"The Last Witch Hunter Deleted Scenes",2016,0,0,0,0,1,0,0,0,0,0
108,"Beater Spirit",2016,0,0,0,0,0,123,17,5.99,5.99,41071
109,"Quarterback SNAP",2016,0,0,0,0,0,0,0,19.99,19.99,0
110,Investigator,2016,0,0,1,0,1,132,34,3.99,3.99,14527
111,"Legends of the Universe - StarCore",2016,0,0,0,0,1,0,26,3.99,3.99,717
112,"Painkiller: Gold Edition",2007,17,1,0,81,0,0,0,9.99,2.49,24033
113,"Painkiller: Black Edition",2007,17,1,0,81,0,0,0,9.99,2.49,338791
114,"The Night Cafe",2016,0,0,0,0,1,105,0,0,0,67615
115,"System Shock",2017,0,1,0,0,0,0,0,0,0,0
116,ESSENCE,2016,0,0,0,0,1,0,0,0,0,0
117,"Reverence: The Ultimate Combat Experience",2016,0,0,0,0,0,0,0,14.99,14.99,0
118,"The Divergent Series: Insurgent: The Making of Insurgent",2016,0,0,0,0,1,0,0,0,0,0
119,"The Divergent Series: Insurgent: Insurgent Unlocked: The Ultimate Behind-the-Scenes Access",2016,0,0,0,0,1,0,0,0,0,0
120,"The Divergent Series: Insurgent: From Divergent To Insurgent",2016,0,0,0,0,1,0,0,0,0,0
121,"The Divergent Series: Insurgent: Extras - The Others: Cast and Characters",2016,0,0,0,0,1,0,0,0,0,0
122,"The Divergent Series: Insurgent: Extras: The Train Fight Unlocked",2016,0,0,0,0,1,0,0,0,0,0
123,"The Divergent Series: Insurgent: Extras: The Peter Hayes Story",2016,0,0,0,0,1,0,0,0,0,0
124,"SpellForce: Platinum Edition",2009,0,0,0,74,0,405,0,9.99,9.99,165719
125,"The Divergent Series: Insurgent: Diverging: Adapting Insurgent to the Screen",2016,0,0,0,0,1,0,0,0,0,0
126,"The Expendables 3: The Legends of EX3",2016,0,0,0,0,1,0,0,0,0,0
127,"The Expendables 3 Documentary",2016,0,0,0,0,1,0,0,0,0,0
128,"The Expendables 3: The Total Action Package",2016,0,0,0,0,1,0,0,0,0,0
129,"The Expendables 3: Christmas Runs the Gauntlet (Extended Scene)",2016,0,0,0,0,1,0,0,0,0,0
130,"The Expendables 3: Gag Reel",2016,0,0,0,0,1,0,0,0,0,0
131,"Divergent: From Book to Screen",2016,0,0,0,0,1,0,0,0,0,0
132,"Divergent: Bringing Divergent to Life",2016,0,0,0,0,1,0,0,0,0,0
133,"The Hunger Games: Mockingjay - Part 1: The Mockingjay Lives: The Making of MJ1",2016,0,0,0,0,1,0,0,0,0,0
134,"The Hunger Games: Mockingjay - Part 1: Straight from the Heart: A Tribute to Philip Seymour Hoffman",2016,0,0,0,0,1,0,0,0,0,0
135,"SpellForce 2: Gold Edition",2009,0,0,0,80,0,247,0,14.99,14.99,177915
136,"The Hunger Games: Mockingjay - Part 1: Songs of Rebellion: Lorde on Curating the Soundtrack",2016,0,0,0,0,1,0,0,0,0,0
137,"The Hunger Games: Mockingjay - Part 1: Lorde - Yellow Flicker Beat Music Video",2016,0,0,0,0,1,0,0,0,0,0
138,"The Hunger Games: Mockingjay Part 2: Pawns No More: Making The Hunger Games: Mockingjay Part 2",2016,0,0,0,0,1,0,0,0,0,0
139,"The Hunger Games: Mockingjay Part 2: Picturing Panem (Never Before Seen!)",2016,0,0,0,0,1,0,0,0,0,0
140,"The Hunger Games: Mockingjay Part 2: Cinna's Sketchbook: Secrets Of The Mockingjay Armor",2016,0,0,0,0,1,0,0,0,0,0
141,"The Hunger Games: Mockingjay Part 2: Panem On Display: The Hunger Games: The Exhibition",2016,0,0,0,0,1,0,0,0,0,0
142,"The Hunger Games: Mockingjay Part 2: The Hunger Games: A Photographic Journey",2016,0,0,0,0,1,0,0,0,0,0
143,"Football Manager 2017",2016,0,0,0,0,0,0,0,49.99,49.99,423086
144,"Football Manager Touch 2017",2016,0,0,0,0,0,0,0,29.99,29.99,424700
145,"Fantasy Kingdom Simulator",2016,0,0,0,0,0,0,0,4.99,4.99,6995
146,"Painkiller: Resurrection",2009,0,1,0,38,0,169,0,9.99,2.49,181502
147,"Hero Zero",2016,0,0,0,0,0,903,0,0,0,256649
148,"Heirs And Graces",2016,0,0,1,0,0,0,12,19.99,19.99,1255
149,"Rover The Dragonslayer",2016,0,0,0,0,0,0,0,4.99,4.99,11299
150,PolyDome,2016,0,0,0,0,0,0,0,0,0,28696
151,"The Divergent Series: Allegiant: Book To Film",2016,0,0,0,0,1,0,0,0,0,0
152,"The Divergent Series: Allegiant: Battle In The Bullfrog",2016,0,0,0,0,1,0,0,0,0,0
153,"The Divergent Series: Allegiant: Finding The Future: Effects & Technology",2016,0,0,0,0,1,0,0,0,0,0
154,"The Divergent Series: Allegiant: Characters In Conflict",2016,0,0,0,0,1,0,0,0,0,0
155,"The Divergent Series: Allegiant: The Next Chapter - Cast & Characters",2016,0,0,0,0,1,0,0,0,0,0
156,"The Divergent Series: Allegiant: Building The Bureau",2016,0,0,0,0,1,0,0,0,0,0
157,AquaNox,2010,0,0,0,67,0,156,0,4.99,4.99,132539
158,"Four Realms",2016,0,1,0,0,0,0,22,11.99,11.99,0
159,"Guns N' Boxes",2016,0,0,0,0,1,0,0,0,0,539
160,""John Wick: Don't F*#% With John Wick"",2016,0,0,0,0,1,0,0,0,0,0
161,"John Wick: Calling in the Cavalry",2016,0,0,0,0,1,0,0,0,0,0
162,"John Wick: Destiny of a Collective",2016,0,0,0,0,1,0,0,0,0,0
163,"John Wick: Assassin's Code",2016,0,0,0,0,1,0,0,0,0,0
164,"John Wick: Red Circle",2016,0,0,0,0,1,0,0,0,0,0
165,"John Wick: NYC Noir",2016,0,0,0,0,1,0,0,0,0,0
166,"SMILE GAME BUILDER",2016,0,1,3,0,0,0,0,79.99,79.99,1077
167,"Purino Party",2016,0,0,0,0,0,150,14,11.99,11.99,6815
168,"AquaNox 2: Revelation",2010,0,0,0,59,0,0,0,4.99,4.99,129849
169,Directionless,2016,0,0,0,0,0,0,0,0.99,0.99,2332
170,"Mad Father",2016,0,0,0,0,0,0,0,0,0,9864
171,"VR zGame",2016,0,0,0,0,0,101,0,8.99,8.99,7353
172,"Battle Dome",2016,0,0,0,0,0,407,0,14.99,14.99,14707
173,"Crazy Otto",2016,0,0,0,0,1,0,11,6.99,6.99,539
174,"Beekyr Reloaded",2016,0,0,0,0,1,0,0,0,0,0
175,EvilMaze,2016,0,0,1,0,1,472,37,1.99,1.99,86985
176,"Cthulhu Realms",2016,0,0,1,0,0,102,0,0,0,85550
177,"Nurse Love Addiction",2016,0,0,0,0,0,116,13,39.99,39.99,4484
178,Megapolis,2016,0,1,0,0,0,0,22,3.99,3.99,12913
179,"The Guild II",2010,0,0,0,61,0,403,0,9.99,9.99,476532
180,PlanetFate,2016,0,0,0,0,0,0,0,5.99,5.99,1435
181,"Super Red-Hot Hero",2016,0,0,0,0,0,0,0,0,0,0
182,"Web Designer 12 Premium",2016,0,0,0,0,0,0,0,99.99,99.99,0
183,"Black Hole Hazard",2016,0,1,1,0,0,0,15,4.99,4.99,1255
184,"The Orb Chambers",2016,0,1,0,0,0,121,10,4.99,4.99,81245
185,HALP!,2016,0,0,0,0,0,0,0,0,0,35870
186,"Push For Emor",2016,0,0,0,0,0,0,0,0,0,897
187,"Talent Not Included",2016,0,0,0,0,1,0,12,12.99,12.99,0
188,Arachnophobia,2016,0,0,0,0,0,0,0,4.99,4.99,533
189,"The Guild II - Pirates of the European Seas",2010,0,0,0,63,0,0,0,9.99,9.99,271894
190,"Vermillion Watch: Moorgate Accord Collector's Edition",2016,0,0,0,0,0,0,0,13.99,13.99,533
191,"Head Shot",2016,0,0,0,0,0,141,0,1.99,1.99,19908
192,"Star Drifter",2016,0,0,0,0,0,0,0,0.99,0.99,41430
193,"The Orchard of Stray Sheep",2016,0,0,0,0,0,0,0,9.99,6.99,1255
194,"Winter Novel",2016,0,1,2,0,1,0,10,3.99,3.99,897
195,Disgraced,2016,0,0,2,0,0,0,63,6.99,6.99,4125
196,"Mad Combat Marines",2016,0,0,0,0,0,0,7,2.99,0.59,7174
197,"Welcome to the Game",2016,18,0,0,0,0,798,0,1.99,1.99,50577
198,"Machine Made: Rebirth",2016,0,0,0,0,0,0,0,4.99,4.99,7533
199,"Alien Run",2016,0,0,0,0,0,0,0,1.99,1.99,28696
200,Chaser,2010,0,0,0,66,0,590,0,4.99,4.99,81963
201,"Call Of The Mighty Warriors",2016,0,0,0,0,0,0,0,0.99,0.99,7712
202,"Ninja Stealth",2016,0,0,0,0,0,0,30,4.99,4.99,15603
203,"Dungeon Journey",2016,0,0,0,0,0,0,0,1.99,1.99,20805
204,Smithy,2016,0,0,0,0,0,0,0,3.99,3.99,1070
205,POPixel,2016,0,0,0,0,0,0,0,0.99,0.99,12016
206,"Milford Heaven - Luken's Chronicles",2016,0,0,0,0,0,0,0,1.49,1.49,7712
207,Citadel,2016,0,0,0,0,1,0,0,2.99,2.99,7533
208,OESE,2016,0,0,0,0,0,0,20,4.99,4.99,1077
209,"Pick a Hero",2016,0,0,0,0,1,0,12,0.99,0.99,1793
210,"The Guild II: Renaissance",2010,0,0,0,56,0,1188,0,9.99,9.99,350270
211,Brazed,2016,0,0,0,0,0,0,0,0,0,0
212,"Genius Greedy Mouse",2016,0,0,0,0,1,0,0,4.99,4.99,1793
213,"Karma Miwa",2016,0,0,0,0,1,0,0,2.99,2.99,2690
214,"Hope Lake",2016,0,0,0,0,0,0,30,7.99,7.99,7533
215,Platformica,2016,0,0,1,0,0,0,6,4.99,4.99,13989
216,Shift,2016,0,0,0,0,0,0,16,0.99,0.99,9147
217,"Color Syndrome",2016,0,0,1,0,1,0,12,2.99,2.99,4842
218,Magnetta,2016,0,0,1,0,1,0,30,9.99,9.99,535
219,"Legend of Numbers",2016,0,0,0,0,0,0,0,0,0,41609
220,SoundStage,2016,0,0,0,0,0,0,0,9.99,9.99,12913
221,"Genesis Rising",2007,0,0,0,57,0,103,0,4.99,4.99,30669
222,ArcaniA,2010,0,1,0,63,0,958,0,19.99,19.99,382732
223,"Runeous: Part One",2016,0,0,1,0,0,0,9,0,0,34794
224,"e-River Cabin Journal",2016,0,0,0,0,0,0,0,9.99,9.99,0
225,"Star Merc",2016,0,0,0,0,0,0,0,6.99,6.99,6098
226,"Impossible Quest",2016,0,0,0,0,0,101,4,1.99,1.99,5380
227,"Super Duper Party Pooper",2016,0,0,0,40,0,101,26,0.99,0.99,13272
228,"L U N E",2016,0,0,0,0,0,0,0,2.99,2.99,2690
229,"Summer Sale",2016,0,0,0,0,0,703,6,0.99,0.99,17038
230,"Hardware Engineers",2016,0,0,0,0,0,0,11,9.99,9.99,3228
231,"Neon Warp",2016,0,0,0,0,1,0,14,2.99,2.99,803
232,"Rise of the Ancients",2016,0,0,0,0,0,0,0,1.99,1.99,12016
233,"Nation Red",2009,0,0,0,0,1,1692,145,9.99,9.99,305074
234,"Cyber Sentinel",2016,0,0,0,0,0,0,32,9.99,9.99,3408
235,"Syrian Warfare",2016,0,0,0,0,0,0,0,0,0,0
236,Hero,2017,0,0,0,0,0,0,0,0,0,0
237,"Escape The Past",2016,0,0,0,0,0,0,10,4.99,3.49,0
238,"Best Buds",2016,0,0,0,0,1,0,0,0,0,0
239,"9Grids VR",2016,0,0,0,0,0,0,0,1.99,1.19,0
240,"Radical Spectrum: Volume 1",2016,0,0,0,0,1,0,0,0.99,0.99,22419
241,"Bathory - The Bloody Countess",2016,0,0,0,0,0,0,0,5.99,4.19,3766
242,"Con Amore",2016,0,1,0,0,0,0,10,7.99,7.99,0
243,"Waddle Home",2016,0,0,0,0,0,0,16,9.99,9.99,803
244,Coniclysm,2010,0,0,0,0,1,0,0,4.99,4.99,12196
245,"Plan Z Chapter 1",2016,0,0,0,0,0,0,0,0.99,0.99,0
246,"Gnarltoof's Revenge",2016,0,0,1,0,0,106,0,0.99,0.99,125365
247,"Square Arena",2016,0,0,0,0,1,0,0,11.99,11.99,897
248,"Timore Inferno",2016,0,0,0,0,0,138,0,4.99,4.99,95414
249,Derelict,2016,0,0,0,0,0,0,15,9.99,9.99,2690
250,"Tales of Destruction",2016,0,0,0,0,0,0,0,2.99,0.89,11299
251,Witan,2016,0,0,0,0,0,0,0,2.99,2.99,0
252,"Spooky Heroes",2016,0,0,0,0,0,0,12,4.99,4.99,13451
253,"TOKYO WARFARE",2016,0,0,0,0,0,0,20,14.99,14.99,1070
254,"Supreme Commander 2",2010,0,1,1,77,0,4468,47,12.99,12.99,1190702
255,"Toxic Terror",2016,0,0,0,0,1,0,0,0.99,0.99,2870
256,"Cheaters Blackjack 21",2016,0,0,0,0,0,0,16,3.99,3.99,3587
257,"Potato Thriller Steamed Potato Edition",2016,0,0,0,0,0,0,0,2.99,2.99,3946
258,"Super Mixtape",2016,0,0,0,0,0,0,0,0,0,0
259,"Bastard Bonds",2016,17,1,0,0,0,129,25,19.99,19.99,9326
260,"Master Of Marbles",2016,0,0,0,0,0,0,0,3.99,3.99,0
261,"Fruit Ninja VR",2016,0,0,0,0,0,140,13,14.99,14.99,23495
262,"House of Snark 6-in-1 Bundle",2016,0,0,0,0,0,0,10,11.99,11.99,5022
263,"Yellow: The Yellow Artifact",2016,0,0,0,0,0,279,0,0.99,0.99,127159
264,"War Truck Simulator",2016,0,0,0,0,0,0,0,5.99,5.99,897
265,ItzaBitza,2009,0,0,0,0,0,0,0,9.99,9.99,1973
266,"Card of spirits",2016,0,0,0,0,1,0,19,1.99,1.99,0
267,"Abrix for kids",2016,0,0,0,0,1,0,19,4.99,4.99,8429
268,"Fantasy Mosaics 14: Fourth Color",2016,0,0,0,0,0,0,0,9.99,9.99,535
269,"Beasts Battle",2016,0,0,0,0,0,0,14,0.99,0.99,12734
270,"Trials of Azra",2016,0,0,0,0,1,0,30,9.99,8.99,0
271,"The Lords of the Earth Flame",2016,0,0,1,0,0,0,13,4.99,4.99,13093
272,Freebie,2016,0,0,0,0,0,349,5,0.99,0.99,160159
273,Spaera,2016,0,0,0,0,1,0,0,9.99,9.99,52729
274,"Go Mission: Space Travel",2016,0,0,0,0,0,0,0,0.99,0.99,8788
275,"Totally Unbalanced",2016,0,0,0,0,1,0,10,3.99,3.99,2332
276,ItzaZoo,2009,0,0,0,0,0,0,0,9.99,9.99,1793
277,Akin,2016,0,0,0,0,0,0,9,2.99,2.99,12734
278,Tetradecagon,2016,0,1,1,0,1,0,16,4.99,3.99,533
279,"Space Radiance",2016,0,0,0,0,0,0,0,1.99,1.99,3408
280,KARAKARA,2016,17,1,0,0,0,131,7,9.99,9.99,7533
281,"Simple Ball: Extended Edition",2016,0,0,0,0,0,0,42,0.99,0.99,1338
282,"Ludo Supremo",2016,0,0,0,0,0,0,0,2.99,2.99,18294
283,"Pepe Porcupine",2016,0,0,0,0,0,0,0,2.99,2.99,20446
284,"Puzzles Under The Hill",2016,0,0,0,0,0,0,0,2.99,2.99,24212
285,"Perfect Angle VR - Zen edition",2016,0,0,0,0,0,0,0,4.99,4.99,5560
286,Lantern,2016,0,0,0,0,1,0,0,0,0,0
287,Risen,2009,17,1,0,77,0,2622,0,9.99,9.99,872536
288,"Conan the mighty pig",2016,0,0,0,0,0,0,0,0.99,0.99,10223
289,Agony,2017,0,0,0,0,0,0,0,0,0,0
290,"Tower Island: Explore Discover and Disassemble",2016,0,0,1,0,0,0,0,9.99,9.99,0
291,"Hoops VR",2016,0,0,0,0,0,0,7,9.99,9.99,2152
292,"Light VR",2016,0,0,0,0,0,0,0,13.99,9.93,2332
293,"Escargot Kart",2016,0,0,0,0,1,0,20,4.99,4.99,535
294,"Octoshield VR",2016,0,1,0,0,0,0,0,4.99,4.99,1793
295,"Galaxy Combat Wargames",2016,0,0,0,0,0,0,0,0,0,14707
296,"The First Spark",2016,0,0,0,0,0,0,0,3.99,3.99,29951
297,"JDM Tuner Racing",2016,0,0,0,0,0,147,0,0.99,0.99,99360
298,"Rush for Berlin: Gold Edition",2009,0,0,0,76,0,0,0,4.99,4.99,21881
299,"Valcarta: Rise of the Demon",2016,0,0,0,0,0,0,22,13.99,11.89,897
300,"Gun Done",2016,0,0,0,0,0,361,6,0.99,0.99,27979
301,"Ping Pong Waves VR",2016,0,0,0,0,0,204,0,4.99,4.99,15603
302,"Highway to the Moon",2016,0,0,0,0,1,0,62,7.99,7.99,3587
303,"The Karters",2016,0,0,0,0,1,0,0,0,0,0
304,"Vistascapes VR",2016,0,0,0,0,0,0,0,2.89,2.89,1614
305,"Zeus Quest Remastered",2016,0,0,0,0,0,0,26,6.99,6.99,4125
306,"The book of commands : Lost Symbol",2016,0,0,0,0,0,0,40,9.99,9.99,533
307,"Dumb Chicken 2: One Way Out",2016,0,0,0,0,0,0,41,2.99,2.99,539
308,"Secret Files: Tunguska",2009,0,0,0,0,0,0,0,9.99,9.99,49859
309,"Dream Car Racing 3D",2016,0,0,0,0,0,0,0,0,0,2152
310,"Hover 2030",2016,0,0,0,0,0,0,0,1.99,1.99,3766
311,"Armed Against the Undead",2016,0,0,0,0,0,0,0,19.99,19.99,717
312,"Just Deserts",2016,0,0,4,0,0,109,48,9.99,9.99,4484
313,"Tower Defense Ultimate",2016,0,0,0,0,0,0,0,5.99,5.99,0
314,"LOKA - League of keepers Allysium",2016,0,0,0,0,0,0,14,29.99,29.99,1255
315,"Left-Hand Path",2016,0,0,0,0,0,0,14,14.99,14.99,3049
316,"Rainbow Six Siege - Pro League Ash Set",2015,17,0,24,0,0,31397,0,49.99,49.99,0
317,"Rainbow Six Siege - Pro League Thermite Set",2015,17,0,24,0,0,31397,0,49.99,49.99,0
318,"Rainbow Six Siege - Pro League Bandit Set",2015,17,0,24,0,0,31397,0,49.99,49.99,0
319,"Secret Files: Puritas Cordis",2009,0,0,0,64,0,0,0,9.99,9.99,25109
320,"Rainbow Six Siege - Pro League Mute Set",2015,17,0,24,0,0,31397,0,49.99,49.99,0
321,"GentleMoon 2",2016,0,0,0,0,0,0,0,2.99,2.99,1973
322,"Star Vikings",2016,0,0,0,0,0,0,0,0,0,0
323,"The Infinite Black",2016,0,0,0,0,0,0,0,0,0,35511
324,"iGrow Game",2016,0,1,0,0,0,0,0,4.99,4.99,1255
325,"Whitetail Challenge",2016,0,0,0,0,0,0,18,9.99,9.99,0
326,"Edge of Twilight – Return To Glory",2016,0,0,0,0,1,0,0,0,0,897
327,MachRace,2016,0,0,0,0,0,0,0,2.99,2.99,0
328,"Mr Shifty",2017,0,0,0,0,1,0,0,0,0,533
329,"VR Shooter Guns",2016,0,1,0,0,1,0,0,0,0,0
330,"Safecracker: The Ultimate Puzzle Adventure",2007,0,0,0,69,0,321,0,4.99,4.99,89854
331,"Lost Horizon",2010,0,1,0,77,0,145,0,9.99,9.99,34794
332,"Galaxy Reavers",2016,0,0,1,0,0,0,0,0,0,4304
333,RealityCapture,2016,0,0,0,0,0,0,0,0,0,0
334,"Unforgiving Trials: The Darkest Crusade",2016,0,0,0,0,0,103,0,4.99,4.99,167333
335,"CASE: Animatronics",2016,0,0,0,0,0,198,7,9.99,9.99,10223
336,QuiVr,2017,0,1,0,0,0,0,0,0,0,0
337,"The Last Look",2016,0,1,0,0,1,0,0,0,0,539
338,"The Last Leviathan",2016,0,0,0,0,0,253,0,9.99,9.99,31207
339,"Hide and Secret Treasure of the Ages",2016,0,0,0,0,0,0,0,2.99,2.99,2152
340,AWA,2016,0,0,0,0,1,0,30,7.99,7.99,6277
341,"Chicken Assassin - Master of Humiliation",2016,0,0,0,0,0,0,13,1.99,1.99,12734
342,Nail'd,2010,0,0,0,69,0,852,0,4.99,4.99,88778
343,Fabric,2016,0,0,1,0,0,0,14,9.99,9.99,1077
344,"Battle Forever",2016,0,0,0,0,1,0,0,1.99,1.99,8250
345,"Run The Gamut",2016,0,0,0,0,0,0,19,3.99,3.99,2870
346,"Playthings: VR Music Vacation",2016,0,0,0,0,0,0,0,11.99,11.99,539
347,BlockAid,2016,0,0,0,0,0,0,0,14.99,14.99,0
348,"The Elder Scrolls V: Skyrim Special Edition",2016,0,0,0,0,0,0,0,0,0,5791198
349,"Puzzles At Mystery Manor",2016,0,0,0,0,0,0,0,2.99,2.99,18294
350,"Bayla Bunny",2016,0,0,0,0,0,0,0,2.99,2.99,18473
351,"Bertram Fiddle Episode 2",2016,0,0,0,0,0,0,0,0,0,0
352,"Risen 2 - Dark Waters",2012,0,1,3,69,0,2682,49,9.99,9.99,1229262
353,"Quell Zen",2016,0,0,0,0,1,0,18,6.99,6.99,1347
354,"Time Tenshi 2",2016,0,0,0,0,0,0,0,9.99,9.99,4125
355,"Mind OVR Matter",2016,0,0,0,0,0,0,0,2.99,2.99,5201
356,SWARMRIDERS,2016,0,0,1,0,1,156,4,0,0,54702
357,Locomancer,2016,0,1,0,0,0,0,0,0,0,0
358,"Rabbit Island",2016,0,0,0,0,0,0,29,1.99,1.99,6457
359,"Flight 787 - Advanced",2016,0,0,0,0,0,0,0,15.99,15.99,0
360,"神明的一天世界(God's One Day World)",2016,0,0,1,0,0,259,0,9.99,9.99,13093
361,"Octamari Rescue",2016,0,0,0,0,0,0,0,14.99,14.99,0
362,"Tokyo 42",2017,0,0,0,0,1,0,0,0,0,0
363,"AI War: Fleet Command",2009,0,1,6,80,0,848,322,9.99,9.99,306508
364,"Blasters of the Universe",2016,0,0,0,0,0,0,0,14.99,14.99,6277
365,"Man vs Snake - FEATURETTE",2016,0,0,0,0,1,0,0,0,0,0
366,"Man vs Snake - BONUS SCENE - THE FATHERS OF NIBBLER",2016,0,0,0,0,1,0,0,0,0,0
367,"Man vs Snake - BONUS SCENE - RICK CARTER & RICHIE KNUCKLEZ - EXTENDED RECORD ATTEMPT",2016,0,0,0,0,1,0,0,0,0,0
368,"Man vs Snake - BONUS SCENE - TOM ASAKI AND THE BOZEMAN THINK TANK",2016,0,0,0,0,1,0,0,0,0,0
369,""Man vs Snake - BONUS SCENE - IRONMAN 2 COMPETITION - ATTEMPT #6"",2016,0,0,0,0,1,0,0,0,0,0
370,""Man vs Snake - BONUS SCENE - LABOR DAY 2009 ATTEMPT #3"",2016,0,0,0,0,1,0,0,0,0,0
371,"Man vs Snake - BONUS SCENE - WALTER DAY IDEA MAN",2016,0,0,0,0,1,0,0,0,0,0
372,""Man vs Snake - BONUS SCENE - LABOR DAY 2011 - ATTEMPT #5"",2016,0,0,0,0,1,0,0,0,0,0
373,"Man vs Snake - BONUS SCENE - THE 128 LIVES PROBLEM",2016,0,0,0,0,1,0,0,0,0,0
374,Tidalis,2010,0,1,0,75,0,164,64,4.99,4.99,158007
375,"Man vs Snake - BONUS SCENE - WALTER OF ORANGE",2016,0,0,0,0,1,0,0,0,0,0
376,"Man vs Snake - BONUS SCENE - BILLY PLAYS CENTIPEDE",2016,0,0,0,0,1,0,0,0,0,0
377,"Man vs Snake - BONUS SCENE - ROBERT MRUCZEK RANKS NIBBLER",2016,0,0,0,0,1,0,0,0,0,0
378,"Man vs Snake - BONUS SCENE - McVEY FAMILY VISIT",2016,0,0,0,0,1,0,0,0,0,0
379,"Man vs Snake - BONUS SCENE - STARING OUT WINDOWS WITH WALTER & TIM",2016,0,0,0,0,1,0,0,0,0,0
380,"Man vs Snake - BONUS SCENE - BREAKFAST OF CHAMPIONS - MAGFEST 2009",2016,0,0,0,0,1,0,0,0,0,0
381,"Raiders - Alamo Q&A",2016,0,0,0,0,1,0,0,0,0,0
382,"Raiders - Adaptation Outtakes",2016,0,0,0,0,1,0,0,0,0,0
383,"Raiders - Deleted Scene - Getting the Plane Ready",2016,0,0,0,0,1,0,0,0,0,0
384,"Raiders - Deleted Scene - Editing and Fighting",2016,0,0,0,0,1,0,0,0,0,0
385,Sacraboar,2009,0,1,0,0,0,0,51,8.99,8.99,49680
386,"Raiders - Deleted Scene - The Last 48 Hours",2016,0,0,0,0,1,0,0,0,0,0
387,"Raiders - Deleted Scene - Chris Fam and Kickstarter",2016,0,0,0,0,1,0,0,0,0,0
388,"Raiders - Deleted Scene - Sneaking into the Theater",2016,0,0,0,0,1,0,0,0,0,0
389,"Raiders - Deleted Scene - Chris shoots Indy Gun",2016,0,0,0,0,1,0,0,0,0,0
390,"Raiders - Deleted Scene - The Marion Situation",2016,0,0,0,0,1,0,0,0,0,0
391,"Raiders - Deleted Scene - Shotgun Story",2016,0,0,0,0,1,0,0,0,0,0
392,"Raiders - Deleted Scene - Betamax Rewinds Ruining footage",2016,0,0,0,0,1,0,0,0,0,0
393,"Raiders - Deleted Scene - Spielberg Letter",2016,0,0,0,0,1,0,0,0,0,0
394,"Fly O'Clock",2016,0,0,0,0,1,108,9,0.99,0.49,20625
395,DashBored,2016,0,0,0,0,0,0,0,4.99,4.99,6277
396,Machinarium,2009,0,1,0,85,0,2748,0,9.99,9.99,725828
397,"Robot Legions Reborn",2016,0,0,0,0,1,0,42,1.99,1.99,5380
398,"Ne no Kami - The Two Princess Knights of Kyoto",2016,0,0,0,0,0,0,0,0,0,2152
399,"Darconika: The Cube of Soul",2016,0,0,0,0,0,0,0,3.99,3.99,11658
400,Frost,2016,0,1,0,0,0,0,17,6.99,6.99,717
401,"Daily Chthonicle: Editor's Edition",2016,0,0,0,0,0,0,8,2.99,2.99,3587
402,Aiball,2016,0,0,0,0,0,0,0,1.99,1.99,1973
403,"Gravity Cat",2016,0,0,0,0,0,111,7,2.99,2.99,13810
404,"The Last Error",2016,0,0,0,0,0,0,77,1.99,1.99,3766
405,"Bot Vice",2016,0,0,0,0,1,0,32,9.99,8.49,1076
406,"Samorost 2",2009,0,0,1,0,0,444,0,4.99,4.99,289291
407,"SOS: Shout Of Survival",2016,0,0,0,0,0,0,0,14.99,14.99,533
408,BoneBone,2016,0,0,0,0,0,115,14,1.99,1.99,46810
409,"Ant Queen",2016,0,0,0,0,0,0,31,9.99,9.99,3946
410,"Human we have a problem",2016,0,0,0,0,0,0,10,10.99,10.99,0
411,"Duckie Dash",2016,0,0,0,0,1,0,0,9.99,9.99,0
412,"Red Trigger",2016,0,0,0,0,0,887,4,0,0,216296
413,GemBreak,2016,0,0,0,0,0,0,27,1.99,1.99,11478
414,"Crazy Forest",2016,0,0,0,0,0,118,0,4.99,4.99,47348
415,Discrepant,2017,0,0,0,0,0,0,0,0,0,0
416,LUMBERMANCER,2016,0,0,0,0,1,0,0,3.99,3.99,1616
417,"Super Meat Boy",2010,0,0,0,87,1,18033,48,14.99,14.99,2558063
418,"Mr. Pumpkin Adventure",2016,0,0,0,0,0,0,14,1.99,1.99,897
419,"Lil Big Invasion",2016,0,0,1,0,0,0,45,6.99,6.99,0
420,"The Decimation of Olarath",2016,0,0,1,0,0,0,0,0.99,0.99,86088
421,"Take Thy Throne",2016,0,0,0,0,0,0,10,3.99,3.99,21881
422,"12 Labours of Hercules V: Kids of Hellas",2016,0,0,0,0,0,0,23,2.99,2.99,24930
423,"SteamVR Driver for Razer Hydra",2016,0,0,0,0,0,0,0,0,0,23853
424,"Alchemist Penguin",2016,0,0,0,0,0,0,36,1.99,1.99,897
425,"PRINCIPIA: Master of Science",2016,0,0,0,0,0,0,0,9.99,8.99,717
426,"Vanilla Bagel: The Roguelike",2016,0,0,0,0,0,0,0,8.99,8.99,1076
427,"Zero-G VR",2016,0,0,0,0,0,140,0,4.99,4.99,5201
428,"The Misadventures of P.B. Winterbottom",2010,0,0,0,79,0,315,12,4.99,4.99,169665
429,"Momonga Pinball Adventures",2016,0,0,0,0,0,0,0,0,0,533
430,"Mahjong Destiny",2016,0,0,0,0,0,0,0,2.99,2.99,21701
431,Beeftacular,2016,0,1,0,0,1,0,35,5.99,5.99,0
432,"Reset 1-1",2016,0,0,0,0,1,0,12,1.99,1.99,24033
433,"Gun Range VR",2016,0,0,0,0,0,0,25,4.99,4.99,0
434,Nary,2016,0,0,0,0,0,0,32,1.99,1.99,3049
435,"Heavenly Battle",2016,0,0,0,0,0,0,0,0.99,0.99,32104
436,Orwell,2016,0,0,0,0,0,0,0,0,0,26364
437,"Vision of Aurora Borealis",2016,0,0,1,0,0,0,0,3.99,3.99,1077
438,"Bye-Bye Wacky Planet",2016,0,0,1,0,1,0,15,4.99,4.99,28696
439,"Painkiller Overdose",2007,17,1,0,65,0,374,0,4.99,1.24,256111
440,"Stronghold HD",2013,0,0,0,81,0,1702,0,5.99,5.99,954319
441,"3D Pool",2016,0,0,0,0,0,0,0,6.99,6.99,0
442,"Planet Driller",2016,0,0,0,0,0,0,15,1.99,1.99,10761
443,Haimrik,2017,0,0,0,0,1,0,0,0,0,0
444,"CapRiders: Euro Soccer",2016,0,0,0,0,1,0,18,6.99,6.99,1077
445,"Bohemian Killing",2016,0,0,0,45,0,0,22,16.99,16.99,1255
446,"Tracks of Triumph: Industrial Zone",2016,0,0,0,0,0,0,0,3.99,3.99,36408
447,"The Cat! Porfirio's Adventure",2016,0,0,0,0,0,0,13,6.99,6.99,803
448,"The Agency: Chapter 1",2016,0,0,0,0,0,0,3,2.99,2.99,533
449,"Pixel Cup Soccer 17",2016,0,0,0,0,1,0,85,9.99,9.99,6815
450,"Affairs of the Court: Choice of Romance",2016,0,1,3,0,0,0,56,5.99,5.99,1973
451,"Stronghold 2",2013,0,0,0,81,0,1702,0,5.99,5.99,339509
452,Alteric,2016,0,0,1,0,1,0,13,3.99,3.99,8429
453,"Zombie Apocalypse: Escape The Undead City",2016,0,0,0,0,0,0,0,0.99,0.49,3408
454,"Heroes of the Monkey Tavern",2016,0,0,0,0,1,0,0,0,0,1873
455,"The Dark Legions",2016,0,0,0,0,0,0,0,1.99,1.99,5201
456,Malkia,2016,0,0,0,0,0,0,0,14.99,14.99,1076
457,Ridge,2016,0,0,0,0,1,0,26,9.99,9.99,0
458,"One Day : The Sun Disappeared",2016,0,0,0,0,1,0,16,5.99,5.99,4663
459,"Bear With Me",2016,0,0,0,0,0,141,27,4.99,4.99,7712
460,"Featherpunk Prime",2016,0,0,0,0,1,0,23,9.99,9.99,0
461,"VR Ping Pong",2016,0,0,0,0,0,0,11,6.99,6.99,4663
462,"Stronghold Crusader HD",2013,0,0,0,78,0,1732,0,9.99,9.99,773714
463,"Shonen Idle Z",2016,0,0,0,0,0,233,160,0,0,100436
464,"Throne Rushers",2016,0,0,0,0,0,0,0,1.99,1.99,1793
465,Astroderps,2016,0,0,0,0,0,0,0,14.99,14.99,0
466,"FIVE: Champions of Canaan",2016,0,0,0,0,0,0,0,0,0,808
467,"Battle Knights",2016,0,0,0,0,1,0,20,2.99,2.99,0
468,"Beat Ninja",2016,0,0,0,0,0,0,0,19.99,19.99,0
469,"Ballistic Tanks",2016,0,0,0,0,0,0,0,0,0,1255
470,BellyBots,2016,0,0,0,0,0,0,10,7.99,7.99,538
471,KOTH,2016,0,0,0,0,0,0,7,6.99,6.99,0
472,WALLSLIDE,2016,0,0,0,0,0,0,0,7.99,3.99,0
473,"Stronghold Legends",2013,0,0,0,81,0,1702,0,5.99,5.99,343813
474,"World VR Competition",2016,0,0,0,0,0,0,0,14.99,14.99,0
475,"Requiem: Avenging Angel",2016,0,0,0,0,0,0,0,9.99,9.99,538
476,"Planet Coaster",2016,0,0,0,0,0,0,0,44.99,40.49,332514
477,"Ragnarok Clicker",2016,0,0,0,0,0,487,55,0,0,147784
478,ChessVR,2016,0,0,0,0,0,0,0,3.99,3.99,717
479,Funfair,2016,0,0,0,0,0,0,0,0,0,23853
480,"Steampuff: Phinnegan's Factory",2016,0,0,0,0,0,0,0,9.99,9.99,539
481,nano-one,2016,0,0,0,0,0,0,0,0,0,0
482,Thanatos,2016,0,0,0,0,0,142,34,0,0,40533
483,"Bank Limit : Advanced Battle Racing",2016,0,0,0,0,1,0,25,24.99,24.99,0
484,"Serious Sam HD: The First Encounter",2009,17,1,0,68,0,2450,35,14.99,14.99,1110174
485,"Hidden Object - 12 in 1 bundle",2016,0,0,0,0,0,0,0,5.99,5.99,2870
486,"VR Disc Golf",2016,0,0,0,0,0,0,79,9.99,9.99,0
487,"Deep Space Dash",2016,0,0,0,0,1,0,13,0.99,0.99,13451
488,"Valkyrius Prime",2016,0,0,0,0,1,0,0,7.99,7.99,533
489,"Haven Moon",2016,0,0,0,0,0,0,0,14.99,14.99,2690
490,HardCube,2016,0,0,1,0,0,0,13,1.99,1.99,21343
491,"Fairyland: Incursion",2016,0,0,0,0,0,0,0,2.99,2.99,9864
492,Awakened,2016,0,0,0,0,0,0,0,2.99,2.99,4842
493,"Nightork Adventures - Beyond the Moons of Shadalee",2016,0,0,0,0,0,0,33,1.99,1.99,8609
494,"Jonah's Path",2016,0,0,0,0,0,0,0,0,0,52370
495,"Second Edition Full Game",2010,0,1,2,76,1,0,0,19.99,19.99,0
496,"Rivais Em Batalha",2017,0,0,0,0,0,0,0,0,0,0
497,NeverMine,2016,0,0,0,0,0,0,0,14.99,14.99,0
498,Anthelion,2016,0,0,0,0,0,0,0,14.99,14.99,0
499,"Splash Bash",2016,0,0,0,0,1,0,0,14.99,14.99,0
500,"RX squad",2016,0,0,0,0,0,0,0,1.99,1.99,5201
501,"The Thrill of the Fight",2016,0,0,0,0,0,116,0,9.99,9.99,8609
502,"Serious Sam Classic: The First Encounter",2010,0,0,0,87,0,766,0,99.99,99.99,711480
503,"Blight of the Immortals",2016,0,0,0,0,0,0,0,0,0,20446
504,WARZONE,2016,0,0,0,0,0,0,0,2.99,2.99,539
505,"Unbreakable Vr Runner",2016,0,0,0,0,0,0,0,5.99,5.99,1973
506,"Bowl VR",2016,0,0,0,0,0,0,7,6.99,6.99,0
507,"Orbital Strike: Arena",2016,0,0,0,0,0,0,0,14.99,14.99,0
508,"VR Boxing Workout",2016,0,0,0,0,0,0,0,7.99,7.99,0
509,"Prey for the Gods",2017,0,0,0,0,1,0,0,0,0,0
510,"The Amazing Shinsengumi: Heroes in Love",2016,13,0,0,0,0,0,18,15.99,15.99,1793
511,"Office lovers",2016,13,0,0,0,0,0,13,15.99,15.99,1076
512,"Serious Sam Classic: The Second Encounter",2010,0,0,0,85,0,445,0,99.99,99.99,711480
513,"Dangerous Relationship",2016,17,0,0,0,0,0,13,15.99,15.99,1076
514,"My Butler",2016,17,0,0,0,0,0,9,9.99,9.99,1435
515,"Orc Hunter VR",2016,0,1,0,0,0,0,0,0,0,0
516,STANDBY,2016,0,1,0,0,0,0,0,0,0,0
517,"Android John",2016,0,0,0,0,0,0,0,4.99,4.99,7891
518,"Eliosi's Hunt",2017,0,1,0,0,0,0,0,0,0,0
519,"PAYDAY: The Web Series: First World Bank",2016,18,0,0,0,1,0,0,0,0,0
520,"Police Quest Collection",2016,0,0,0,0,0,0,0,9.99,9.99,71381
521,MageWorks,2016,0,0,0,0,0,0,0,4.99,4.99,0
522,"Captain Curve's Intergalactic Space Adventure",2016,0,0,0,0,0,0,0,14.99,14.99,0
523,"Serious Sam 3: BFE",2011,0,0,2,72,1,11601,62,39.99,39.99,1974460
524,"VR: Vacate the Room",2016,0,0,0,0,0,109,3,4.99,4.99,8967
525,ViveSpray,2016,0,0,0,0,0,0,0,6.99,6.99,2690
526,UBOOT,2017,0,0,0,0,0,0,0,0,0,0
527,"VeeR Pong",2016,0,1,0,0,0,0,3,9.99,9.99,533
528,Savana,2016,0,0,0,0,0,0,0,14.99,14.99,0
529,"Wondership Q",2016,0,0,0,0,1,0,11,9.99,9.99,0
530,"Too Angry to Space",2016,0,0,0,0,0,0,34,4.99,4.99,1076
531,"丛林守望者（Ranger of the jungle）",2016,0,0,0,0,0,0,44,3.99,3.99,6815
532,"VR Battle Grid",2016,0,0,0,0,0,0,0,0,0,27979
533,"Table Tennis VR",2016,0,0,0,0,0,0,0,4.99,4.99,0
534,Hammerfight,2009,0,1,0,0,0,1441,0,4.99,4.99,512043
535,"Evolution Planet: Gold Edition",2016,0,0,0,0,0,0,0,4.99,2.49,6457
536,"Enigmatis 3: The Shadow of Karkhala",2016,0,0,0,0,0,102,34,9.99,9.99,17038
537,DATH,2016,0,0,0,0,0,0,16,5.99,5.99,0
538,Hypnorain,2016,0,1,0,0,1,0,0,9.99,2.49,2511
539,"Disgaea 2 PC",2017,0,0,0,0,0,0,0,0,0,0
540,TrumPiñata,2016,0,0,0,0,0,0,0,0.99,0.99,1338
541,VRbloX,2016,0,0,0,0,1,0,0,9.99,9.99,0
542,"Ancient VR coaster",2016,0,0,0,0,0,0,0,1.99,1.99,0
543,"Woodle Tree 2: Worlds",2016,0,0,0,0,0,109,10,3.99,3.99,17218
544,"Bejeweled 2 Deluxe",2006,0,1,0,0,0,0,0,4.99,4.99,53805
545,Altitude,2009,0,0,0,79,0,1406,52,0,0,453754
546,"The Wire Loop Game VR",2016,0,0,0,0,0,0,2,7.99,7.99,0
547,"The Making of Grim Fandango Remastered: Developing the Game",2016,0,0,0,0,1,0,0,0,0,0
548,"Mortal Kombat: Legacy: Jax Sonya and Kano (Part 1)",2016,17,0,0,0,1,0,0,0,0,0
549,"Mortal Kombat: Legacy II: Prelude",2016,17,0,0,0,1,0,0,0,0,0
550,"Visual Novel Maker",2016,0,0,0,0,0,0,0,0,0,0
551,"Dashy Square VR",2016,0,0,0,0,1,0,0,1.99,1.99,535
552,Baskhead,2016,0,0,0,0,0,0,0,4.99,4.99,0
553,"Divided We Fall",2016,0,0,0,0,0,0,0,12.99,12.99,717
554,"Gabriel Knight: Sins of the Fathers",2016,0,0,0,0,0,0,0,5.99,5.99,43582
555,Intrude,2016,0,0,1,0,0,0,9,5.99,5.99,0
556,"Doom Rails",2009,0,0,0,0,0,0,0,2.99,2.99,3587
557,"Ghost Train VR",2016,0,0,0,0,0,0,0,1.99,1.99,0
558,"Free Balling",2016,0,0,0,0,0,0,0,9.99,9.99,0
559,Hexoscope,2016,0,0,2,0,0,165,0,0.99,0.99,12196
560,"Endless Labyrinth",2016,0,0,0,0,0,0,0,4.99,4.99,533
561,Montaro,2016,0,0,0,0,0,2384,15,0.99,0.99,87702
562,"Lance A Lot",2016,0,0,0,0,1,0,0,0,0,0
563,"Dungeon Fighter Online",2016,0,0,4,0,0,721,44,0,0,304356
564,"The Secret Monster Society: Chapter One",2016,0,0,2,0,0,0,8,5.99,5.99,6995
565,"Selma and the Wisp",2016,0,0,0,0,1,0,11,9.99,9.99,2690
566,"Dark Parables: The Swan Princess and The Dire Tree Collector's Edition",2016,0,0,0,0,0,0,12,13.99,13.99,0
567,Torchlight,2009,0,1,0,83,0,3175,66,14.99,14.99,1408253
568,Geo-Fall,2016,0,0,0,0,0,0,0,4.99,4.99,0
569,"Space VR!",2016,0,1,0,0,0,0,0,5,5,0
570,"Return Zero VR",2016,0,0,0,0,0,0,0,5.99,5.09,539
571,"GE Neuro",2016,0,0,0,0,0,0,0,0,0,21701
572,"Watching Grass Grow In VR - The Game",2016,0,0,0,0,0,0,9,4.99,4.99,0
573,Onward,2016,0,0,0,0,0,536,0,24.99,24.99,26006
574,"Paddle Up",2016,0,0,0,0,0,105,11,9.99,9.99,6457
575,"Corona Blossom Vol.1 Gift From the Galaxy",2016,0,1,1,0,0,0,20,9.99,9.99,5022
576,"Kingdom: New Lands",2016,0,0,1,0,1,735,34,14.99,14.99,259340
577,"Momento Temporis: Light from the Deep",2016,0,1,0,0,1,0,0,4.99,4.99,3766
578,"Earthworm Jim 3D",2009,0,0,0,0,0,0,0,19.99,19.99,21881
579,"Running Gods",2016,0,0,0,0,1,0,18,4.99,4.49,808
580,"Supipara - Chapter 1 Spring Has Come!",2016,0,0,0,0,0,0,0,14.99,14.99,3049
581,"RC Racing Off Road 2.0",2016,0,0,0,0,0,0,0,12.99,12.99,0
582,"A Verdant Hue",2016,0,0,0,0,0,0,0,14.99,14.99,1435
583,Shiny,2016,0,0,2,50,1,0,49,12.99,12.99,0
584,Renoir,2016,0,0,0,0,0,0,0,0,0,1255
585,"Robotpencil Presents: The Soldier: Using ZBrush",2016,0,0,0,0,1,0,0,0,0,0
586,"Life is Feudal: Forest Village",2016,0,0,0,0,0,568,0,24.99,24.99,47886
587,Inversium,2016,0,0,0,0,0,0,0,0,0,0
588,Vex,2016,0,0,0,0,0,0,11,3.99,3.39,0
589,"Tommy Tronic",2010,0,1,0,0,0,0,0,9.99,9.99,2870
590,"Virtual Battlemap",2016,0,0,6,0,0,0,1,29.99,29.99,539
591,"Moon Colonization Project",2016,0,0,1,0,0,0,3,2.99,2.99,19908
592,M.EXE,2016,0,0,0,0,0,0,0,14.99,14.99,533
593,"Typing with Jester",2016,0,0,0,0,0,0,0,0,0,2511
594,Pigmentone,2016,0,0,0,0,0,0,0,1.99,1.39,717
595,"Search & Kill ☠",2016,0,0,0,0,0,0,0,3.99,3.99,14886
596,"Locus Solus",2017,0,1,0,0,0,0,0,0,0,0
597,"Crystal Cosmos",2016,0,0,0,0,1,0,23,4.99,4.99,1614
598,"Partical City Guardians",2016,0,0,0,0,0,0,0,0.99,0.99,1793
599,"Push The Crate",2016,0,0,0,0,0,0,17,1.99,1.99,717
600,"Death and the Fly",2011,0,0,0,0,0,0,0,9.99,9.99,2332
601,"Monster Slayers",2017,0,0,0,0,0,0,0,0,0,0
602,"Empty Horizons",2016,0,0,0,0,0,0,13,2.99,2.99,1435
603,"Strange Night",2016,0,0,0,0,0,0,0,8.99,8.99,2152
604,Antihorror,2016,0,0,0,0,0,0,0,1.99,1.99,1614
605,"Maze Roller",2016,0,1,0,0,1,0,18,9.99,9.99,0
606,SweatShop,2016,0,0,0,0,0,228,53,0.99,0.99,18114
607,"Sorcerer King: Rivals",2016,0,0,0,0,0,0,0,29.99,22.49,4842
608,"The Housewife",2016,0,0,0,0,0,0,0,4.99,4.99,6098
609,"Gabriel Knight 2: The Beast Within",2016,17,0,0,0,0,0,0,5.99,5.99,43403
610,"S.T.A.L.K.E.R.: Call of Pripyat",2010,0,0,0,80,0,4515,0,19.99,19.99,851731
611,"Brick Battalion",2016,0,0,0,0,0,0,78,9.99,9.99,0
612,Inverted,2016,0,0,0,0,1,0,10,2.99,2.99,6995
613,Replica,2016,0,0,0,0,0,981,8,2.99,2.99,58827
614,"DrumKit VR - Play drum kit in the world of VR",2016,0,0,0,0,0,0,0,4.99,4.99,1435
615,Moirai,2016,0,0,0,0,0,8475,0,0,0,363004
616,"Second Death",2016,0,0,0,0,0,0,5,2.99,2.99,1255
617,"The Slingshot VR",2016,0,0,0,0,1,0,0,4.99,4.99,535
618,"Cosmic Cavern 3671　　宇宙最大の地底最大の作戦",2016,0,0,0,0,0,0,8,4.99,4.99,1435
619,"Ghost Sweeper",2016,0,0,0,0,0,0,0,4.99,4.99,1070
620,"Cross Death  VR",2016,0,0,0,0,0,0,4,9.99,9.99,0
621,"Cargo! - The quest for gravity",2011,0,1,0,0,0,289,52,9.99,9.99,74609
622,"Underground Keeper",2016,0,0,0,0,1,0,9,5.99,5.99,897
623,ShapeShifter,2016,0,0,0,0,0,0,0,0.99,0.99,11299
624,Rise,2016,0,0,0,0,0,0,8,1.99,1.99,1067
625,"Amihailu in Dreamland",2016,0,0,0,0,1,0,0,0,0,18114
626,"DJ Streamer",2016,0,0,0,0,0,0,0,9.99,9.99,539
627,"Voice Again",2016,0,0,0,0,0,0,0,19.99,19.99,0
628,"Street Legal Racing: Redline v2.3.1",2016,0,0,0,0,0,340,0,6.99,6.99,18473
629,"Fabulous Food Truck",2016,0,0,0,0,0,0,0,4.99,4.99,17576
630,MIGHT,2016,0,0,0,0,0,0,0,4.99,4.99,5919
631,"Gratuitous Space Battles",2009,0,1,7,72,0,574,0,14.99,14.99,561902
632,"Wrong Dimension - The One Dimensional Platformer",2016,0,0,0,0,0,0,0,2.99,2.99,1793
633,"Always Higher",2016,0,1,0,0,0,0,6,17.99,17.99,0
634,"PD Particles 9",2016,0,0,0,0,0,0,0,0,0,808
635,Conclusion,2016,0,0,0,0,0,112,5,0.99,0.99,12375
636,"Gabriel Knight 3: Blood of the Sacred Blood of the Damned",2016,17,0,0,80,0,0,0,5.99,5.99,42685
637,Rise,2016,0,0,0,0,0,0,0,14.99,14.99,1614
638,"1 Moment Of Time: Silentville",2016,0,0,0,0,0,141,43,0.99,0.99,13810
639,"Pixelscape: Oceans",2016,0,0,0,0,0,0,12,3.99,3.99,0
640,"G Prime Into The Rain",2016,0,0,0,0,0,0,27,9.99,9.99,6277
641,"The Bard's Tale",2009,0,0,0,70,0,467,0,9.99,9.99,354036
642,"Mervils: A VR Adventure",2016,0,1,0,0,1,0,14,9.99,9.99,1435
643,D.N.Age,2016,0,0,0,0,0,0,26,4.99,4.99,1793
644,GravPool,2016,0,0,0,0,0,0,0,8.99,8.99,0
645,"Project Hovercraft",2016,0,0,0,0,0,0,0,14.99,14.99,1616
646,"Agent Walker: Secret Journey",2016,0,0,0,0,0,0,16,9.99,9.99,1076
647,"Sapper's bad dream",2016,0,0,0,0,0,0,0,3.99,3.99,6457
648,HUNT,2016,0,0,0,0,0,0,0,5.99,5.99,0
649,"Trick & Treat",2016,0,0,1,0,0,0,0,0,0,94876
650,"Line / Dash",2016,0,0,0,0,0,0,0,1.99,1.99,808
651,Plates,2016,0,0,0,0,0,0,2,0.99,0.99,0
652,"Chuzzle Deluxe",2006,0,1,0,0,0,0,0,4.99,4.99,37663
653,Trino,2011,0,0,0,0,0,0,37,4.99,4.99,6636
654,"Safety First!",2016,0,0,0,0,1,0,34,2.99,2.99,2870
655,"Holobunnies: Pause Café",2016,0,0,0,0,1,0,0,0,0,0
656,"Funfair Ride Simulator 3",2016,0,0,6,0,0,0,29,5.99,5.99,3228
657,"Ayumi: Enhanced Edition",2016,0,0,0,0,1,0,7,2.99,2.99,0
658,"CS:GO Player Profiles: Fer - SK Gaming",2016,0,0,0,0,1,0,0,0,0,0
659,"CS:GO Player Profiles: Dupreeh - Astralis",2016,0,0,0,0,1,0,0,0,0,0
660,"CS:GO Player Profiles: Tarik - Counter Logic Gaming",2016,0,0,0,0,1,0,0,0,0,0
661,"CS:GO Player Profiles: Hiko - Team Liquid",2016,0,0,0,0,1,0,0,0,0,0
662,Quanero,2016,0,0,0,0,0,110,0,0,0,70126
663,"8-Bit Hordes",2016,0,0,1,0,0,206,25,14.99,14.99,28158
664,"Lead and Gold - Gangs of the Wild West",2010,17,0,0,70,0,1216,82,9.99,9.99,378248
665,"Zezenia Online",2016,0,0,0,0,0,109,0,0,0,56495
666,"Doodle WHAT?!",2016,0,0,0,0,0,0,0,9.99,9.99,0
667,"Destiny of Ancient Kingdoms™",2016,0,0,0,0,0,0,0,0,0,60800
668,"Barnyard Mahjong 3",2016,0,0,0,0,0,0,0,4.99,4.99,19011
669,"The Hidden Dragon",2016,0,0,0,0,0,0,0,4.99,4.99,18114
670,"Mystery Of Rivenhallows",2016,0,0,0,0,0,0,0,4.99,4.99,19011
671,"Dragon Rage",2016,0,0,0,0,1,0,17,6.99,6.99,2870
672,"Batman - The Telltale Series",2016,17,0,0,0,1,2669,30,24.99,24.99,95414
673,"Jurassic Survival",2016,0,0,0,0,0,0,0,8.99,8.99,6815
674,"Of Love And Sorrow",2016,0,0,0,0,0,0,0,4.99,4.99,1973
675,"Hamilton's Great Adventure",2011,0,1,1,77,0,229,26,9.99,9.99,88419
676,"Cats are Liquid",2016,0,0,0,0,1,232,12,0.99,0.99,9326
677,"Puzzle Nebula",2016,0,0,0,0,0,0,0,2.99,2.99,4484
678,AquaNimble,2016,0,0,0,0,1,0,0,0,0,0
679,"A Week of Circus Terror",2016,0,1,0,0,0,0,0,5.99,5.99,3408
680,"Switch 'N' Shoot",2016,0,0,0,0,1,0,16,1.99,1.99,0
681,DreamLand,2016,0,0,0,0,0,0,0,0,0,37484
682,"Depths of Dread",2016,0,0,0,0,0,0,0,7.99,7.99,0
683,"Extreme Forklifting 2",2016,0,0,0,0,0,0,8,1.99,1.99,2870
684,ASRECorp,2016,0,0,0,0,0,0,16,3.99,3.99,538
685,"MSI Electric City",2016,0,0,0,0,0,0,0,0,0,47528
686,"War of the Roses",2013,0,0,3,73,0,4417,21,0,0,1264953
687,"The Shadowland",2016,0,0,0,0,0,0,0,2.99,2.99,2870
688,"Mind Spheres",2016,0,0,1,0,0,0,11,1.99,0.49,10940
689,"The Ember Series: A New Fire",2016,0,1,0,0,1,0,0,6.99,6.99,0
690,"Mustache in Hell",2016,0,0,0,0,1,0,19,9.99,9.99,5201
691,"WarBirds Dawn of Aces World War I Air Combat",2016,0,0,0,0,0,0,0,14.99,14.99,0
692,"VRporize - VR FPS",2016,0,0,0,0,0,0,0,13.99,13.99,717
693,DUO,2016,0,1,0,0,0,0,0,14.99,14.99,0
694,"Pro Strategy Football 2016",2016,0,0,0,0,0,0,0,34.99,34.99,535
695,"Dark Parables: The Exiled Prince Collector's Edition",2016,0,0,0,0,0,0,0,12.99,12.99,0
696,"Dark Parables: Rise of the Snow Queen Collector's Edition",2016,0,0,0,0,0,0,0,12.99,12.99,0
697,Krater,2012,0,1,1,52,0,656,41,14.99,14.99,211094
698,"Dark Parables: The Red Riding Hood Sisters Collector's Edition",2016,0,0,0,0,0,0,0,12.99,12.99,0
699,"Operator Overload",2016,0,0,0,0,0,0,0,0,0,0
700,SurvHive,2016,0,0,0,0,0,0,0,14.99,14.99,717
701,"Clutter V: Welcome To Clutterville",2016,0,0,0,0,0,0,0,9.99,9.99,0
702,"Lord Mayor",2016,0,0,0,0,0,0,0,1.99,1.99,6636
703,Turner,2016,0,0,1,0,0,0,13,2.99,2.99,0
704,"Tower of Archeos",2016,0,0,0,0,0,0,0,12.99,12.99,0
705,Pixeloids,2016,0,0,0,0,1,0,0,3.99,3.99,0
706,"The Path of Greatest Resistance",2016,0,0,0,0,0,0,0,3.99,3.99,2332
707,"Star Fields",2016,0,0,0,0,0,0,0,0.99,0.99,3946
708,"Nancy Drew Dossier: Resorting to Danger!",2009,0,0,0,77,0,0,0,6.99,6.99,11120
709,klocki,2016,0,0,0,0,0,1284,0,0.99,0.99,46810
710,"Tomato Jones",2016,0,0,0,0,0,0,0,1.99,1.99,3946
711,"The Turing Test",2016,10,0,1,77,1,469,15,19.99,19.99,25288
712,"Wake Up",2016,0,0,0,0,0,0,6,0,0,32104
713,"Crystal Control II",2016,0,0,0,0,1,0,0,2.99,2.99,0
714,"Copter and Sky",2016,0,0,0,0,1,0,43,3.99,3.99,0
715,"Ultimate Booster Experience",2016,0,0,0,0,1,0,4,4.99,4.99,6457
716,"Criminal: Criminal Intent Featurette",2016,0,0,0,0,1,0,0,0,0,0
717,"Criminal: Director's Notes",2016,0,0,0,0,1,0,0,0,0,0
718,"Criminal: Deleted Scenes",2016,0,0,0,0,1,0,0,0,0,0
719,"Nancy Drew: Secrets can Kill",2011,0,0,0,0,0,0,0,6.99,6.99,13631
720,"Criminal: Madsonik's 'Drift and Fall Again' Music Video",2016,0,0,0,0,1,0,0,0,0,0
721,"The Perfect Match: Making The Perfect Match",2016,0,0,0,0,1,0,0,0,0,0
722,"The Perfect Match: What’s Love Without Comedy?",2016,0,0,0,0,1,0,0,0,0,0
723,"The Perfect Match: Let The Good Times Roll",2016,0,0,0,0,1,0,0,0,0,0
724,"Redswood VR",2016,0,0,0,0,0,0,0,3.99,3.99,897
725,"Meet the Blacks: The Making of Meet the Blacks",2016,0,0,0,0,1,0,0,0,0,0
726,"Meet the Blacks: Hit The Gas Music Video",2016,0,0,0,0,1,0,0,0,0,0
727,"Meet the Blacks: Behind The Scenes of Hit The Gas",2016,0,0,0,0,1,0,0,0,0,0
728,"Meet the Blacks: Don't Hate Wiring! Parody Commercial",2016,0,0,0,0,1,0,0,0,0,0
729,"Meet the Blacks: Outtakes",2016,0,0,0,0,1,0,0,0,0,0
730,"Nancy Drew: The Captive Curse",2011,0,0,0,0,0,0,0,6.99,6.99,8967
731,"Genius: Genesis of Genius",2016,0,0,0,0,1,0,0,0,0,0
732,"Genius: Painting A Portrait Of The Lost Generation",2016,0,0,0,0,1,0,0,0,0,0
733,"Now You See Me 2: The Art of the Ensemble",2016,0,0,0,0,1,0,0,0,0,0
734,"Now You See Me 2: You Can't Look Away",2016,0,0,0,0,1,0,0,0,0,0
735,"Now You See Me 2: Bringing Magic To Life",2016,0,0,0,0,1,0,0,0,0,0
736,"Pulse Shift",2016,0,1,0,0,0,0,21,8.99,8.99,1973
737,"SHINRAI - Broken Beyond Despair",2016,0,0,1,0,0,0,15,14.99,14.99,533
738,"Ascension VR",2016,0,0,0,0,1,0,0,9.99,9.99,0
739,"The Sunset",2016,0,0,0,0,0,0,0,1.99,1.99,6815
740,"Cubic complex",2016,0,0,0,0,0,0,0,0.99,0.99,6815
741,"Nancy Drew: Trail of the Twister",2011,0,0,0,0,0,0,0,6.99,6.99,15245
742,"Glider Island",2016,0,0,0,0,1,0,0,9.99,9.99,0
743,"Gazzel Quest The Five Magic Stones",2016,0,0,0,0,0,0,0,1.99,1.99,0
744,"Wildlife VR",2016,0,0,0,0,0,0,0,2.99,2.99,0
745,Firefight,2016,0,0,0,0,0,0,0,9.99,9.99,1435
746,"Weather Lord: Legendary Hero Collector's Edition",2016,0,0,0,0,0,0,0,9.99,9.99,0
747,"Final Fleet",2016,0,0,0,0,0,0,15,14.99,14.99,0
748,VRMultigames,2016,0,0,0,0,0,0,0,0,0,47707
749,"UNCORPOREAL - Fluffy!",2016,0,0,0,0,0,0,0,0,0,33359
750,"Simple VR Video Player",2016,0,0,0,0,0,0,0,7.99,7.99,11299
751,"Save the Universe Please!",2016,0,0,0,0,0,0,0,2.99,2.99,0
752,DogFighter,2010,0,0,0,0,0,325,29,2.99,2.99,282655
753,"Mahjong Deluxe 2: Astral Planes",2016,0,0,0,0,0,0,0,2.99,2.99,18114
754,"Kitty Cat: Jigsaw Puzzles",2016,0,0,0,0,0,0,0,1.99,1.99,18473
755,"Puppy Dog: Jigsaw Puzzles",2016,0,0,0,0,0,0,0,1.99,1.99,18294
756,Limberjack,2016,0,0,0,0,0,0,11,0,0,23136
757,"Jockey Rush",2016,0,0,0,0,0,0,0,19.99,19.99,0
758,"Wild Terra Online",2016,0,0,0,0,0,0,0,0,0,1067
759,"Enigma Prison",2017,0,1,0,0,1,0,0,0,0,0
760,"GI Racing 2.0",2016,0,0,0,0,0,0,0,9.99,9.99,0
761,"Kuraburo Kai",2016,0,0,0,0,0,0,0,4.99,4.99,0
762,Moribund,2016,0,0,0,0,1,0,36,6.99,6.99,0
763,"Insaniquarium! Deluxe",2006,0,1,0,0,0,414,0,4.99,4.99,86626
764,"Transformers: War for Cybertron",2010,0,0,0,75,0,1266,0,19.99,19.99,216834
765,"Rogue Fighter",2016,0,0,0,0,0,0,0,4.99,4.99,0
766,Arcanum,2016,0,0,0,81,0,0,0,5.99,5.99,58647
767,"Riddles Of The Past",2016,0,0,0,0,0,0,31,6.99,6.99,3228
768,Tails,2016,0,1,0,0,0,0,13,7.99,7.99,539
769,"House of Alice",2016,0,0,0,0,0,0,0,9.99,9.99,0
770,"Football VR",2016,0,0,0,0,0,0,0,1.99,1.99,0
771,Endangered,2016,0,0,0,0,0,0,0,4.99,4.99,717
772,"Extravaganza Rising",2016,0,0,1,0,0,0,0,5.99,5.99,4484
773,"Emerland Solitaire: Endless Journey",2016,0,0,0,0,0,0,0,0,0,29593
774,"C.S.S. CITADEL VR",2016,0,0,0,0,0,0,0,7.99,7.99,0
775,Singularity,2010,0,0,0,76,0,1677,0,29.99,29.99,149040
776,"Design it Drive it : Speedboats",2016,0,0,0,0,0,0,0,24.99,24.99,533
777,"Mount Wingsuit",2016,0,0,0,0,1,0,25,14.99,14.99,1614
778,"Clock Simulator",2016,0,0,0,0,0,142,8,0.99,0.99,7533
779,"Acan's Call: Act 1",2016,0,0,0,0,0,0,0,0,0,40892
780,"Axis Football 2016",2016,0,0,0,0,1,0,16,19.99,19.99,1435
781,"Space Ribbon",2016,0,0,0,0,1,0,25,12.99,12.99,1077
782,"VirZOOM Gamepad Emulator",2016,0,0,0,0,0,0,0,0,0,21701
783,"Venture Forth",2016,0,0,0,0,0,0,93,19.99,19.99,0
784,"UNCORPOREAL - Alcatraz Island Lofts",2016,0,0,0,0,0,0,0,0,0,31745
785,"My Own Pet",2016,0,0,0,0,0,0,0,5.99,5.99,0
786,"Call of Duty: Modern Warfare 3",2011,17,0,4,0,0,19250,76,39.99,39.99,3398675
787,"Blue Solar: Chaos War",2016,0,0,0,0,0,0,0,3.99,3.99,2152
788,Stars,2016,0,0,0,0,0,0,5,5.99,5.99,1435
789,"Puzzle Blocks",2016,0,0,0,0,0,0,0,9.99,9.99,0
790,"Hold the door!",2016,0,0,0,0,0,0,0,0,0,21163
791,"Black Moon Chronicles",2016,0,0,0,0,0,0,0,5.99,5.99,2690
792,Outreach,2017,0,0,0,0,0,0,0,0,0,0
793,"Torch Cave",2016,0,0,0,0,0,0,0,3.99,3.99,26185
794,Sekwere,2016,0,0,1,0,0,0,54,0.99,0.99,8250
795,"Dropship Down",2016,0,0,0,0,0,0,41,4.99,4.99,1973
796,Francisca,2016,0,0,0,0,0,172,0,0.99,0.99,8967
797,"Call of Duty: Modern Warfare 3 - Multiplayer",2011,17,0,4,0,0,19250,76,39.99,39.99,3398675
798,REED,2016,0,0,0,0,1,0,0,1.99,1.99,5380
799,"The Orb Chambers II",2016,0,0,0,0,0,0,40,6.99,6.99,14707
800,"Don't Disturb",2016,0,0,0,0,0,0,0,3.49,3.49,1076
801,"Slayer Shock",2016,0,0,0,0,1,0,0,0,0,533
802,"StoneBack | Prehistory",2016,0,0,0,0,0,0,0,1.99,1.99,4484
803,"Star Project",2016,0,0,0,0,0,0,0,1.99,1.99,2870
804,Totem,2016,0,0,0,0,0,0,0,3.99,3.99,7353
805,Sig.Null,2016,0,0,0,0,1,0,0,0,0,8609
806,"Hikikomori No Chuunibyou",2016,0,0,0,0,0,0,13,1.99,1.99,1077
807,"Call of Duty: Black Ops",2010,17,0,4,81,0,11095,68,39.99,39.99,3628063
808,"Phantasmagoria 2",2016,17,0,0,0,0,0,0,5.99,5.99,65821
809,Phantasmagoria,2016,17,0,0,0,0,0,0,9.99,9.99,67256
810,"Invisible Mind",2016,0,0,0,0,0,0,0,4.99,4.99,16321
811,"Anicon - Animal Complex - Cat's Path",2016,0,0,0,0,0,0,0,7.99,7.99,533
812,"Drayt Empire",2016,0,0,0,0,0,0,8,0.99,0.99,13810
813,"Interstellar Logistics Inc",2016,0,0,0,0,0,0,0,4.99,4.99,2152
814,"Super Markup Man",2016,0,0,0,0,0,0,8,3.99,3.99,0
815,"Monsters' Den: Book of Dread",2016,0,0,0,0,0,0,0,4.99,4.99,1793
816,"You Deserve",2016,0,0,0,0,0,0,11,9.99,9.99,5560
817,"Call of Duty: Black Ops - Multiplayer",2010,17,0,4,81,0,11095,68,39.99,39.99,3628063
818,Moira,2017,0,1,0,0,1,0,0,0,0,0
819,"Heartomics: Lost Count",2017,0,0,0,0,1,0,0,0,0,1793
820,"Boulder Dash 30th Anniversary",2016,0,0,2,0,1,0,53,14.99,13.49,1793
821,"Warhammer 40000: Sanctus Reach",2016,0,0,0,0,0,0,0,0,0,0
822,"Tangled Up!",2016,0,0,0,0,0,0,60,4.99,4.99,803
823,Redactem,2016,0,1,0,0,1,0,24,3.99,3.99,51294
824,"Airport Fire Department - The Simulation",2016,0,0,0,0,0,0,8,14.99,14.99,6636
825,"Firefighters - The Simulation",2016,0,0,0,0,0,0,8,14.99,14.99,7174
826,"Plant Fire Department - The Simulation",2016,0,0,0,0,0,0,8,14.99,14.99,2870
827,"Professional Construction - The Simulation",2016,0,0,0,0,0,0,10,14.99,14.99,7533
828,"For The Glory",2009,0,0,0,0,0,0,0,9.99,9.99,28337
829,"Strike.is: The Game",2016,0,0,0,0,0,1035,0,0,0,408020
830,"The Multidimensional Underwear Drawer",2016,0,1,0,0,0,0,30,24.99,24.99,0
831,"The Last Sniper VR",2016,0,1,0,0,0,0,0,9.99,7.49,7174
832,"50 years",2016,0,0,0,0,0,0,33,4.99,4.99,5022
833,"Quest for Glory Collection",2016,0,0,0,0,0,0,0,9.99,9.99,47348
834,"Voodoo Garden",2016,0,0,0,0,0,159,33,2.99,2.99,12016
835,"Tank Hero VR",2016,18,0,0,0,0,0,10,19.99,19.99,0
836,"Pixel Puzzles Ultimate - Puzzle Pack: Reptiles",2016,0,0,0,0,1,0,0,0,0,0
837,"The Janitor",2016,0,0,0,0,0,0,6,1.99,1.99,1435
838,"Arsenal of Democracy",2010,0,0,0,0,0,125,0,9.99,2.49,55957
839,"The Return Home",2016,0,0,0,0,0,0,0,0.99,0.99,13989
840,"Calm Down Stalin",2016,0,0,0,0,0,150,16,3.99,3.99,12734
841,"Legends of Azulgar",2016,0,0,0,0,0,0,0,0,0,10761
842,"Heroes from the Past: Joan of Arc",2016,0,0,0,0,0,0,0,6.99,6.99,0
843,"The Agency of Anomalies: Mystic Hospital Collector's Edition",2016,0,0,0,0,0,0,0,12.99,12.99,533
844,"Off the Record: The Italian Affair Collector's Edition",2016,0,0,0,0,0,0,0,12.99,12.99,533
845,"Echoes of the Past: Kingdom of Despair Collector's Edition",2016,0,0,0,0,0,0,0,12.99,12.99,0
846,"Fairy Maids",2016,0,0,0,0,0,0,0,6.99,6.99,533
847,"Black Hat Cooperative",2016,0,0,0,0,0,0,0,9.99,9.99,1255
848,"Red is Dead",2016,0,0,0,0,0,0,0,1.99,1.99,535
849,"Hearts of Iron III: Semper Fi Expansion",2010,0,0,3,65,0,0,0,4.99,1.69,0
850,"Dungeon Punks",2016,0,0,0,0,0,0,28,14.99,14.99,1067
851,"Frantic Freighter",2016,0,0,0,0,0,0,10,3.99,3.99,0
852,"Andels & Demigods",2016,0,0,0,0,0,0,0,0,0,18473
853,"miniLAW: Ministry of Law",2016,0,0,0,0,1,0,0,7.99,7.99,803
854,"Samurai Wars",2016,0,0,0,0,0,0,0,1.99,1.99,0
855,"Maraiyum: Rise of the Setting Sun",2016,0,0,0,0,0,0,24,9.99,9.99,535
856,"Super Star",2016,17,0,0,0,0,340,32,7.99,7.99,24392
857,"Deserted: The Story of Peter",2016,0,0,0,0,0,0,0,5.99,5.99,0
858,"Dig 4 Destruction",2016,0,0,3,0,0,0,30,11.99,11.99,3946
859,"Roomscale Tower",2016,0,0,0,0,0,0,0,14.99,14.99,1076
860,Magicka,2011,0,1,24,74,1,17631,88,9.99,9.99,3643666
861,"Zombie Camp",2016,0,0,0,0,0,0,0,1.99,1.99,8429
862,NEO-NOW!,2016,0,0,0,0,0,0,0,4.99,4.99,8071
863,"Space Rangers: Quest",2016,0,0,0,0,0,0,51,9.99,9.99,0
864,"Mahluk:Dark demon",2016,0,0,0,0,1,0,13,1.99,1.99,6995
865,"The Fallen Kingdom",2016,0,0,0,0,0,0,0,7.99,7.99,6098
866,"911 Operator",2016,0,0,0,0,0,0,0,0,0,3228
867,"The Seeker",2016,0,0,0,0,0,0,16,1.99,1.99,2152
868,"Starship Disco",2016,0,0,0,0,0,0,9,9.99,9.99,0
869,"Zuma Deluxe",2006,0,1,0,0,0,118,0,4.99,4.99,55598
870,"The Kings' Crusade",2010,0,0,3,71,0,0,0,9.99,9.99,79273
871,Void,2016,0,0,0,0,0,0,0,4.99,4.99,3587
872,"Elven Assassin",2016,0,0,0,0,0,0,21,7.99,5.59,1973
873,"A Detective's Novel",2016,0,0,0,0,0,0,0,4.99,4.99,53984
874,"The Life Of Greather",2016,0,0,0,0,0,0,0,1.99,1.99,4663
875,"Candy Smash VR",2016,0,0,0,0,0,0,0,9.99,9.99,5022
876,"Star Tactics",2016,0,0,0,0,0,0,11,7.99,7.99,7712
877,"Will of the Gods",2016,0,0,0,0,1,0,9,2.99,2.99,717
878,"Detective Hank and the Golden Sneeze",2016,0,0,0,0,0,0,0,9.99,9.99,1435
879,"Chernobyl VR Project",2016,0,0,0,0,0,0,0,0,0,0
880,"Planet Nomads",2017,0,0,0,0,0,0,0,0,0,2511
881,"Elven Legacy: Magic",2009,0,0,0,0,0,0,0,1.99,1.99,50039
882,"Russian VR Coasters",2016,0,0,0,0,1,0,0,5.75,5.75,717
883,"Graveyard Smash",2016,0,0,0,0,0,0,10,2.99,2.99,2332
884,"Happy Pong",2016,0,0,0,0,1,0,19,2.99,2.99,533
885,"The Cold War Era",2016,0,0,1,0,0,0,10,4.99,4.99,533
886,"Rage of the Battlemage",2016,0,0,0,0,0,0,0,3.99,3.99,0
887,Optika,2016,0,0,1,0,0,102,5,4.99,4.99,8788
888,"Malazard: The Master of Magic",2016,0,0,0,0,0,0,13,7.99,7.99,897
889,"The Watchmaker",2017,0,0,0,0,1,0,0,0,0,0
890,"The God's Chain",2016,0,0,0,0,0,0,0,7.99,7.99,69050
891,"Elven Legacy: Siege",2009,0,0,0,0,0,0,0,1.99,1.99,49680
892,"Hover Havoc",2016,0,0,0,0,1,0,10,9.99,9.99,0
893,"SaberSaw VR",2016,0,0,0,0,0,0,0,6.99,4.89,0
894,"Grid Legion Storm",2016,0,0,0,0,0,0,0,5.99,5.99,1973
895,Broomball,2016,0,0,0,0,0,0,0,0,0,30310
896,"FARIA: Ghosts of the Stream",2016,0,0,0,0,1,0,0,1.99,1.99,0
897,Woven,2017,0,1,0,0,0,0,0,0,0,0
898,Blockships,2016,0,0,0,0,0,0,0,6.99,6.99,0
899,"Music Maker 2017 Steam Edition",2016,0,0,0,0,0,0,0,59.99,59.99,0
900,"Music Maker 2017 Premium Steam Edition",2016,0,0,0,0,0,0,0,119.99,119.99,0
901,"Lew Pulsipher's Doomstar",2016,0,0,0,0,0,0,14,9.99,7.49,2870
902,"Elven Legacy: Ranger",2009,0,0,0,68,0,0,0,1.99,1.99,51115
903,Slavistan,2016,0,0,0,0,0,274,0,1.99,1.99,7891
904,"Sorcery! Part 4",2016,0,0,0,0,0,0,0,0,0,8250
905,"MXGP2 - The Official Motocross Videogame Compact",2016,0,0,0,0,0,0,10,9.99,9.99,1255
906,"Brick Stack VR",2016,0,0,0,0,0,0,10,3.99,3.99,0
907,"Castle Invasion: Throne Out",2016,0,0,0,0,0,0,19,4.99,4.99,0
908,"Pixel Puzzles 2: RADical ROACH",2016,0,0,0,0,0,0,26,9.99,9.99,1255
909,"Elves Adventure",2016,0,0,0,0,0,0,0,1.99,1.99,48604
910,Warcube,2016,0,0,0,0,0,0,0,0,0,0
911,"Tribe Of Pok",2016,0,0,0,0,0,0,11,11.99,11.99,0
912,"Neon Space 2",2016,0,0,0,0,1,0,17,0.99,0.99,23136
913,"Victoria II",2010,0,0,10,75,0,2640,0,19.99,4.99,401743
914,"King of Spin VR",2016,0,0,0,0,0,0,0,29.99,29.99,0
915,Pathologic,2017,0,0,0,0,1,0,0,0,0,717
916,"Diamond Joyce and the Secrets of Crystal Cave",2016,0,0,0,0,1,0,0,0,0,0
917,"GooCubelets: The Void",2016,0,0,0,0,0,0,0,1.99,1.99,27082
918,"The Crystal Nebula",2016,0,0,0,0,0,0,0,1.99,1.99,6098
919,"Fire Farm VR",2016,0,0,0,0,0,0,0,4.99,4.99,0
920,Glaive,2016,0,0,0,0,0,0,0,2.99,2.99,0
921,Whispers,2016,0,0,0,0,0,0,0,4.99,3.49,12734
922,"Victoria: Revolutions",2010,0,0,0,0,0,0,0,9.99,2.49,153344
923,"MAGIX PC Check & Tuning 2017",2016,0,0,0,0,0,0,0,49.99,49.99,0
924,"Shop Heroes",2016,0,0,0,0,0,930,0,0,0,246068
925,"Dragon Bros",2016,0,0,0,0,1,0,0,0,0,0
926,"VR Fractals",2016,0,1,0,0,1,0,0,1.99,1.99,0
927,"My Lil' Donut",2016,0,0,0,0,0,0,0,0,0,20446
928,"Quip Anomaly",2016,0,0,0,0,0,0,21,1.99,1.99,717
929,"Archmage Rises",2017,0,0,0,0,1,0,0,0,0,0
930,"Party Panic",2016,0,0,0,0,1,0,0,16.99,16.99,1973
931,"Going Up",2016,0,0,0,0,0,0,9,9.99,9.99,0
932,"Sky Valley",2016,0,0,0,0,0,0,13,1.99,1.99,6995
933,"Sword of the Stars II: Enhanced Edition",2012,0,0,0,65,0,643,14,19.99,19.99,161235
934,"Five Nights at Freddy's: Sister Location",2016,0,0,0,0,0,0,0,0,0,184192
935,ORBITAL,2016,0,0,0,0,0,0,0,0.99,0.99,5380
936,"Dinosaur Forest",2016,0,0,0,0,1,0,0,0,0,1793
937,"AM Model Viewer",2016,0,0,0,0,0,0,0,9.99,9.99,0
938,"Twisty's Asylum Escapades",2016,0,0,0,0,0,0,0,0,0,0
939,"Think Space",2016,0,0,0,0,0,0,0,9.99,9.99,1338
940,"Goo Saga - HD Edition",2016,0,0,0,0,1,0,0,0,0,4663
941,"The Dungeons of Castle Madness",2016,0,0,0,0,0,0,19,9.99,9.99,0
942,Unexplored,2016,0,0,0,0,0,0,52,9.99,9.99,1255
943,"Pong Champion VR",2016,0,0,0,0,0,0,0,9.99,9.99,0
944,"Front Mission Evolved",2010,0,0,5,63,0,569,27,9.99,9.99,282117
945,DOGOS,2016,0,0,0,0,1,0,15,11.99,11.99,1435
946,"Baseball Mogul Diamond",2016,0,0,0,0,0,0,0,14.99,14.99,5560
947,"Tesla's Tower: The Wardenclyffe Mystery",2016,0,0,0,0,0,0,0,6.99,6.99,897
948,"The Wire",2016,0,0,0,0,0,0,0,0,0,20267
949,"Lily´s Epic Quest",2016,0,0,0,0,0,0,0,9.99,9.99,0
950,"The Wizard's Lair",2016,0,0,0,0,0,0,10,4.99,4.99,1255
951,"Black Sand Drift",2016,0,0,1,0,0,0,0,0.99,0.99,8609
952,"Gone In November",2016,0,0,1,0,0,233,0,0.99,0.99,12016
953,"Robotpencil Presents: Armor Design: Sci-Fi: Reference",2016,0,0,0,0,1,0,0,0,0,0
954,"World of Zoo",2009,0,1,0,0,0,0,0,14.99,14.99,50397
955,"Robotpencil Presents: Armor Design: Sci-Fi: Study",2016,0,0,0,0,1,0,0,0,0,0
956,"Robotpencil Presents: Armor Design: Sci-Fi: Demo",2016,0,0,0,0,1,0,0,0,0,0
957,"Robotpencil Presents: Armor Design: Sci-Fi: Touch Up",2016,0,0,0,0,1,0,0,0,0,0
958,"Robotpencil Presents: Armor Design: Sci-Fi: Bonus Demo",2016,0,0,0,0,1,0,0,0,0,0
959,"Robotpencil Presents: Armor Design: Fantasy: Reference",2016,0,0,0,0,1,0,0,0,0,0
960,"Robotpencil Presents: Armor Design: Fantasy: Study",2016,0,0,0,0,1,0,0,0,0,0
961,"Robotpencil Presents: Armor Design: Fantasy: Demo",2016,0,0,0,0,1,0,0,0,0,0
962,"Robotpencil Presents: Armor Design: Fantasy: Touch-Up",2016,0,0,0,0,1,0,0,0,0,0
963,"Robotpencil Presents: Adding Lighting to Your Lines: Set-up Graphic Reads",2016,0,0,0,0,1,0,0,0,0,0
964,"Robotpencil Presents: Adding Lighting to Your Lines: Add in Lights and Form",2016,0,0,0,0,1,0,0,0,0,0
965,"Metro 2033",2010,0,0,0,81,1,15639,48,14.99,14.99,4710079
966,"Robotpencil Presents: Brushwork Strategies for Materials: Brushwork",2016,0,0,0,0,1,0,0,0,0,0
967,"Robotpencil Presents: Brushwork Strategies for Materials: Applying Color",2016,0,0,0,0,1,0,0,0,0,0
968,"Zombitatos the end of the Pc master race",2016,0,0,0,0,0,0,0,1.99,1.21,3228
969,"BlackSmith HIT",2016,0,0,0,0,1,0,16,0.99,0.99,23315
970,"Fly and Destroy",2016,0,0,0,0,1,0,25,1.99,1.99,22598
971,"Office Freakout",2016,0,0,0,0,0,0,0,0,0,897
972,"$1 Ride",2016,0,0,0,0,0,0,0,0.99,0.99,7353
973,"GALER: Plague of Heroes",2016,0,0,0,0,0,0,0,0,0,0
974,"Totally Accurate Battle Simulator",2017,0,0,0,0,0,0,0,0,0,535
975,"NASCAR Heat Evolution",2016,0,0,10,0,1,0,53,59.99,59.99,1435
976,"AstroPop Deluxe",2006,0,1,0,0,0,0,0,4.99,4.99,26544
977,"The Haunted: Hells Reach",2011,17,0,0,51,0,398,28,8.99,8.99,59903
978,"Kindred Spirits on the Roof Drama CD Vol.4: Kindred Spirits Pop Show (Disc 2)",2016,0,0,0,0,1,0,0,0,0,0
979,"Kindred Spirits on the Roof Drama CD Vol.4: Kyuusei Radio (Disc 1)",2016,0,0,0,0,1,0,0,0,0,0
980,Haven,2016,0,0,0,0,0,0,0,4.99,4.99,5201
981,"Sneak Thief",2016,0,0,0,0,0,0,0,9.99,9.99,13272
982,CrapsVR,2016,0,0,0,0,0,0,0,9.99,9.99,0
983,"SCP 087. Re",2016,0,0,0,0,0,0,0,5.99,5.99,3587
984,"ROD: Revolt Of Defense",2016,0,0,0,0,0,367,0,0.99,0.99,18832
985,"PROJECT XINATRA",2016,0,0,0,0,0,0,0,4.99,4.99,0
986,"Aircraft War X",2016,0,0,0,0,0,0,0,2.99,2.99,54702
987,"Domino VR",2016,0,0,0,0,0,0,4,3.99,3.99,0
988,"M.U.D. TV",2010,0,0,0,53,0,131,0,9.99,9.99,45017
989,"Painted Legend",2016,0,0,0,0,0,0,0,4.99,4.99,0
990,"Flat Heroes",2016,0,0,0,0,0,0,0,14.99,14.99,1076
991,"Won't You Be My Laser?",2016,0,0,0,0,1,0,25,0.99,0.99,8071
992,"Broken Armor",2016,0,0,1,0,1,0,22,2.99,2.99,0
993,"Meteor Crush VR",2016,0,0,0,0,0,0,0,0.99,0.99,0
994,"Mini Z Racers Turbo",2016,0,0,0,0,1,0,13,4.99,4.99,0
995,Beerman,2016,0,0,0,0,0,0,0,4.99,4.99,0
996,SizeBlock,2016,0,0,0,0,0,0,0,1.99,1.99,7174
997,"Handsome Mr. Frog",2016,0,0,1,0,1,0,11,0.99,0.99,897
998,"Sceelix - Procedural Power",2016,0,0,0,0,0,0,0,75,75,0
999,"Nancy Drew: Warnings at Waverly Academy",2010,0,0,0,76,0,0,15,6.99,6.99,13989
1000,"Super VR Trainer",2016,0,0,0,0,0,0,20,9.99,9.99,717
